﻿<?xml version="1.0" encoding="utf-8"?>
<component format="1" id="googleplayservices" is-shell="true">
  <name>Google Play Services</name>
  <publisher>Xamarin Inc.</publisher>
  <publisher-url>http://xamarin.com</publisher-url>
  <version>22.0.0.0</version>
  <summary>Give your apps more features to attract users on a wider range of devices.</summary>
  <packages>
    <package id="Xamarin.GooglePlayServices" version="22.0.0.0" framework="android" />
  </packages>
  <samples>
    <sample id="MapsAndLocationDemo">
      <name>Advanced Sample</name>
      <summary>Advanced Sample</summary>
    </sample>
    <sample id="GooglePlayServicesApp">
      <name>Simple Sample</name>
      <summary>Simple Sample</summary>
    </sample>
  </samples>
</component>